[{"_id":"65d8b2c031cfee0013675121","firstName":"Dinesh","lastName":"P","owner":"65c9cb27d37774001373f10c","__v":0},{"_id":"65d443dbb421ff0013876622","firstName":"fdddd","lastName":"f","owner":"65c9cb27d37774001373f10c","__v":0},{"_id":"65d444a9b421ff001387662c","firstName":"fdddd","lastName":"f","owner":"65c9cb27d37774001373f10c","__v":0},{"_id":"65d447f5b421ff0013876654","firstName":"fdddd","lastName":"f","owner":"65c9cb27d37774001373f10c","__v":0},{"_id":"65d448bdb421ff0013876669","firstName":"fdddd","lastName":"f","owner":"65c9cb27d37774001373f10c","__v":0},{"_id":"65d448d71eef470013f722a8","firstName":"fdddd","lastName":"f","owner":"65c9cb27d37774001373f10c","__v":0},{"_id":"65d449041eef470013f722b8","firstName":"fdddd","lastName":"f","owner":"65c9cb27d37774001373f10c","__v":0},{"_id":"65d449f8b421ff001387668e","firstName":"fdddd","lastName":"f","owner":"65c9cb27d37774001373f10c","__v":0}]