[
    {
        "actionName": "vuser_end",
        "steps": [
            {
                "stepId": "STEP3",
                "stepName": "Url: logout",
                "infFile": "t4.inf",
                "time": 1708760102039
            },
            {
                "stepId": "STEP4",
                "stepName": "Custom Request: logout_2",
                "infFile": "t5.inf",
                "time": 1708760102292
            }
        ],
        "transactions": []
    }
]